slug,name,type
open-science-tv,Open Science TV,教育型
together-institute,Together Institute,教育型
hack4impact,Hack4Impact,技术型
hack4impact,Hack4Impact,技术型
xr-leuven,XR Leuven,技术型
pacstall,Pacstall,技术型
pacstall,Pacstall,技术型
merlinsplacetest,merlins place,技术型
fiston-tshingombe,fiston tshingombe,公益型
fiston-tshingombe,fiston tshingombe,公益型
magictheroads,MagicTheroads,技术型
unchained,Unchained,技术型
dev-azur-tshingo,Dev Azur Tshingo,技术型
re-peat-earth,RE-PEAT,公益型
unchained,Unchained,技术型
isrlc2000,ISRLC2000,技术型
wilshape-inc,Wilshape inc,技术型
ggeorge-young,George Young,公益型
skillswap,SkillSwap,技术型
shabstodon,Shabstodon,技术型
migrantifa-mainz,Migrantifa Mainz,公益型
benedictatkins,benedict atkins,技术型
buildtest,Buildtest,技术型
gregpahl1,GregPahl1,技术型
anselmo-academy-of-music,Anselmo Academy of Music,教育型
gaias-gift-water-bar,Gaia’s Gift- Water Bar,公益型
resonance,Resonance,技术型
boianberberov,Boian Berberov,技术型
manchester-trans-rise-up,Manchester Trans Rise Up,公益型
ionic-spa-shower-head,Ionic Spa Shower Head,技术型
collective-1,Collective 1,技术型
xaversf,xaversf,技术型
in-the-heart-of-the-lab,ItHotL,技术型
relationship,中国亲戚关系计算器,技术型
rajjshah,Raj J Shah,技术型
pantherpy,Panther,技术型
pamoja-tuangamize-corona,Pamoja tuangamize corona,公益型
my-migraine-breakthrough,My Migraine Breakthrough,公益型
deehmimiqat,deehmimiqat,技术型
huggingface-demo,Huggingface Demo,技术型
svelte-animations,Svelte Animations,技术型
molly-cashen2,Molly Cashen2,公益型
food-for-homeless-p2,Food for Homeless,公益型
gomymobi,gomymobiBSB: Free Online Site & Shop Builder,技术型
digitalmediafantasies,Christopher Black,技术型
club-penguin-avalanche,Club Penguin Avalanche,技术型
ucbooks,UCBooks,教育型
learning-book,蒋佳李,教育型
compose-museum,Compose Museum,技术型
commissions,Commissions,技术型
troynix,TroyNix,技术型
cameron-brownn,Cameron Brownn,技术型
belsebob,Belsebob,技术型
comprar-altavoces-bluetooth1,Comprar altavoces bluetooth,技术型
rajinder-goswami1958,Rajinder Goswami,公益型
ariski-othman2,Ariski Othman,技术型
albijon-haug1,Albijon Haug,技术型
zenithal,Zenithal,技术型
johnburke,JohnBurke,技术型
aicaw-ac-huichol-health-home,AICAW A.C. Huichol Health Home,公益型
kameronbroussard,KameronBroussard,技术型
ni-ji-service-solutions,Ni ji service solutions,技术型
biomaskfoce,biomaskfoce,技术型
safit,SAF,技术型
bathriot,Bath Riot,技术型
shiny-enigma,Shiny Enigma,技术型
fursat,Fursat,技术型
boston-all-stars,Boston All-Stars,公益型
rooted,The Rooted Global Village,公益型
solarpunk-surf-club,Solarpunk Surf Club,技术型
siofra-tech,Síofгa Tech Musıc Instгuments,技术型
re-peat-earth,RE-PEAT,公益型
logseq,Logseq,技术型
united-diversity-bridport,United Diversity Bridport,公益型
rezgauche,rez gauche,技术型
panda-wallet,Panda Wallet,技术型
common-languages,Common Languages,教育型
merlinsplace,merlins place,公益型
nycsra,NYC Socialist RA,公益型
